feature,importance
signup_days_ago,0.22410376058649129
monthly_payment,0.20701110417343815
last_login_days_ago,0.1987093444565518
login_count_90d,0.16524520104805285
support_tickets_90d,0.0894666787691615
plan_type_premium,0.03154233886796305
plan_type_unknown,0.030177835098290265
plan_type_standard,0.026941048109334356
plan_type_basic,0.025768408335131183
new_signup,0.0010342805555856249
